timestamp(ms),latitude(deg),longitude(deg),speed(m/s),gravity_x(m/s^2),gravity_y(m/s^2),gravity_z(m/s^2),pressure(hPa),linear_accel_x(m/s^2),linear_accel_y(m/s^2),linear_accel_z(m/s^2),altitude(m),wifi_enabled,bluetooth_enabled,silent_mode,mobile_data_enabled
1733968324861,36.012525,129.321435,0.000000,-1.636807,2.118102,9.434240,1019.984131,-0.395870,0.884227,0.916193,-55.915802,false,true,false,false
1733968324884,36.012525,129.321435,0.000000,-0.152816,0.163869,9.804090,1020.682617,-0.007596,-0.013034,0.055532,-61.990771,false,true,false,false
1733968326201,36.011352,129.320500,0.000000,-1.636807,2.118102,9.434240,1019.984131,-0.395870,0.884227,0.916193,-55.915802,false,true,false,false
1733968326210,36.011352,129.320500,0.000000,-0.152816,0.163869,9.804090,1020.682617,-0.007596,-0.013034,0.055532,-61.990771,false,true,false,false
1733968328746,36.011995,129.321548,1.086465,0.000000,0.000000,0.000000,NaN,0.000000,0.000000,0.000000,0.000000,false,true,false,false
1733968328755,36.011995,129.321548,1.086465,0.000000,0.000000,0.000000,NaN,0.000000,0.000000,0.000000,0.000000,false,true,false,false
1733968329029,36.011966,129.321610,1.522949,8.800093,2.117191,3.774406,1019.832031,-8.302099,0.063927,3.892127,-54.466194,false,true,false,false
1733968329043,36.011978,129.321585,1.343700,-1.636807,2.118102,9.434240,1019.984131,-0.395870,0.884227,0.916193,-55.915802,false,true,false,false
1733968329049,36.011978,129.321585,1.343700,-0.152816,0.163869,9.804090,1020.682617,-0.007596,-0.013034,0.055532,-61.990771,false,true,false,false
1733968330031,36.011980,129.321623,1.209522,8.685390,1.002380,4.441775,1019.828613,-7.754045,4.638658,4.859998,-54.626369,false,true,false,false
1733968330036,36.011980,129.321623,1.209522,8.685390,1.002380,4.441775,1019.828613,-7.754045,4.638658,4.859998,-54.626369,false,true,false,false
1733968331063,36.011984,129.321639,0.829347,-1.636807,2.118102,9.434240,1019.984131,-0.395870,0.884227,0.916193,-55.915802,false,true,false,false
1733968331076,36.011984,129.321639,0.829347,-0.152816,0.163869,9.804090,1020.682617,-0.007596,-0.013034,0.055532,-61.990771,false,true,false,false
1733968332022,36.011990,129.321650,0.809560,7.478960,0.386436,6.331364,1019.848145,-8.199615,3.432315,3.492345,-54.790192,false,true,false,false
1733968332034,36.011990,129.321650,0.809560,7.478960,0.386436,6.331364,1019.848145,-8.199615,3.432315,3.492345,-54.790192,false,true,false,false
1733968333041,36.012000,129.321671,0.838166,-1.636807,2.118102,9.434240,1019.984131,-0.395870,0.884227,0.916193,-55.915802,false,true,false,false
1733968333050,36.012000,129.321671,0.838166,-0.152816,0.163869,9.804090,1020.682617,-0.007596,-0.013034,0.055532,-61.990771,false,true,false,false
1733968334104,36.012009,129.321695,0.000000,6.935073,3.156039,6.173693,1019.850098,-6.461021,0.887768,1.727472,-54.806046,false,true,false,false
1733968334117,36.012006,129.321686,0.880083,6.935073,3.156039,6.173693,1019.850098,-6.461021,0.887768,1.727472,-54.806046,false,true,false,false
1733968334129,36.012006,129.321686,0.880083,6.935073,3.156039,6.173693,1019.850098,-6.461021,0.887768,1.727472,-54.806046,false,true,false,false
1733968334944,36.012007,129.321694,0.993289,-1.636807,2.118102,9.434240,1019.984131,-0.395870,0.884227,0.916193,-55.915802,false,true,false,false
1733968334955,36.012007,129.321694,0.993289,-0.152816,0.163869,9.804090,1020.682617,-0.007596,-0.013034,0.055532,-61.990771,false,true,false,false
1733968336119,36.012004,129.321700,0.982726,5.943538,1.018558,7.733510,1019.811768,-4.468709,0.331772,3.967253,-54.488972,false,true,false,false
1733968336135,36.012004,129.321700,0.982726,5.943538,1.018558,7.733510,1019.811768,-4.468709,0.331772,3.967253,-54.488972,false,true,false,false
1733968337123,36.011997,129.321710,0.942018,-1.636807,2.118102,9.434240,1019.984131,-0.395870,0.884227,0.916193,-55.915802,false,true,false,false
1733968337140,36.011997,129.321710,0.942018,-0.152816,0.163869,9.804090,1020.682617,-0.007596,-0.013034,0.055532,-61.990771,false,true,false,false
1733968338130,36.011990,129.321721,1.074587,6.103909,1.371982,7.551842,1019.817139,-2.785545,2.398886,0.694088,-54.531250,false,true,false,false
1733968338147,36.011990,129.321721,1.074587,6.103909,1.371982,7.551842,1019.817139,-2.785545,2.398886,0.694088,-54.531250,false,true,false,false
1733968338924,36.011980,129.321732,1.139696,-1.636807,2.118102,9.434240,1019.984131,-0.395870,0.884227,0.916193,-55.915802,false,true,false,false
1733968338935,36.011980,129.321732,1.139696,-0.152816,0.163869,9.804090,1020.682617,-0.007596,-0.013034,0.055532,-61.990771,false,true,false,false
1733968339086,36.011964,129.321749,0.000000,6.091328,1.781073,7.476217,1019.879150,-3.299689,0.871702,-0.108959,-49.946007,false,true,false,false
1733968340032,36.011968,129.321745,1.140685,5.655700,1.128342,7.931597,1019.866699,-5.983706,-0.103624,2.241665,-49.725694,false,true,false,false
1733968340042,36.011968,129.321745,1.140685,5.655700,1.128342,7.931597,1019.866699,-5.983706,-0.103624,2.241665,-49.725694,false,true,false,false
1733968341124,36.011956,129.321757,1.108860,-1.636807,2.118102,9.434240,1019.984131,-0.395870,0.884227,0.916193,-55.915802,false,true,false,false
1733968341146,36.011956,129.321757,1.108860,-0.152816,0.163869,9.804090,1020.682617,-0.007596,-0.013034,0.055532,-61.990771,false,true,false,false
1733968342120,36.011951,129.321772,1.021111,0.480480,-1.180859,9.723431,1019.823730,-0.468509,4.520770,0.119431,-54.584095,false,true,false,false
1733968342139,36.011951,129.321772,1.021111,0.260213,-0.697609,9.778345,1019.823730,-2.426965,1.310525,2.650255,-49.043474,false,true,false,false
1733968343133,36.011954,129.321786,0.939049,-1.636807,2.118102,9.434240,1019.984131,-0.395870,0.884227,0.916193,-55.915802,false,true,false,false
1733968343152,36.011954,129.321786,0.939049,-0.152816,0.163869,9.804090,1020.682617,-0.007596,-0.013034,0.055532,-61.990771,false,true,false,false
1733968343961,36.011959,129.321797,0.902155,1.434689,0.254592,9.697795,1019.840576,0.210128,1.399802,-2.122241,-48.997236,false,true,false,false
1733968343986,36.011959,129.321797,0.902155,1.434689,0.254592,9.697795,1019.846924,0.210128,1.399802,-2.122241,-54.779621,false,true,false,false
1733968344123,36.011952,129.321808,0.000000,0.168235,-0.000886,9.805207,1019.860107,0.923521,2.469308,-3.939114,-49.100656,false,true,false,false
1733968345119,36.011964,129.321811,0.913332,-1.636807,2.118102,9.434240,1019.984131,-0.395870,0.884227,0.916193,-55.915802,false,true,false,false
1733968345139,36.011964,129.321811,0.913332,-0.152816,0.163869,9.804090,1020.682617,-0.007596,-0.013034,0.055532,-61.990771,false,true,false,false
1733968346120,36.011971,129.321819,0.849884,1.264717,1.664232,9.581294,1019.822510,1.347357,2.784194,1.963846,-48.720825,false,true,false,false
1733968346127,36.011971,129.321819,0.849884,1.264717,1.664232,9.581294,1019.822510,1.347357,2.784194,1.963846,-48.720825,false,true,false,false
1733968347116,36.011981,129.321827,1.021745,-1.636807,2.118102,9.434240,1019.984131,-0.395870,0.884227,0.916193,-55.915802,false,true,false,false
1733968347127,36.011981,129.321827,1.021745,-0.152816,0.163869,9.804090,1020.682617,-0.007596,-0.013034,0.055532,-61.990771,false,true,false,false
1733968347956,36.011993,129.321839,1.009058,0.807614,1.262551,9.691445,1019.842041,-1.657556,0.425361,-1.754367,-48.761373,false,true,false,false
1733968347976,36.011993,129.321839,1.009058,0.807614,1.262551,9.691445,1019.842041,-1.657556,0.425361,-1.754367,-48.761373,false,true,false,false
1733968349073,36.011998,129.321848,1.045571,-1.636807,2.118102,9.434240,1019.984131,-0.395870,0.884227,0.916193,-55.915802,false,true,false,false
1733968349094,36.011998,129.321848,1.045571,-0.152816,0.163869,9.804090,1020.682617,-0.007596,-0.013034,0.055532,-61.990771,false,true,false,false
1733968349116,36.012006,129.321868,1.403494,0.947908,1.908818,9.572265,1019.835938,-2.484985,-0.869735,1.393478,-54.684502,false,true,false,false
1733968350113,36.012005,129.321863,1.103653,0.686843,1.692811,9.634990,1019.870605,-1.713955,-1.551553,2.202243,-54.975151,false,true,false,false
1733968350132,36.012005,129.321863,1.103653,0.686843,1.692811,9.634990,1019.870605,-1.713955,-1.551553,2.202243,-54.975151,false,true,false,false
1733968351108,36.012010,129.321879,1.133509,-1.636807,2.118102,9.434240,1019.984131,-0.395870,0.884227,0.916193,-55.915802,false,true,false,false
1733968351117,36.012010,129.321879,1.133509,-0.152816,0.163869,9.804090,1020.682617,-0.007596,-0.013034,0.055532,-61.990771,false,true,false,false
1733968352112,36.012013,129.321895,1.131813,1.522586,1.784911,9.521880,1019.871826,-0.933613,1.001939,-0.169829,-54.985722,false,true,false,false
1733968352120,36.012013,129.321895,1.131813,1.522586,1.784911,9.521880,1019.871826,-0.933613,1.001939,-0.169829,-54.985722,false,true,false,false
1733968352983,36.012011,129.321917,1.135258,-1.636807,2.118102,9.434240,1019.984131,-0.395870,0.884227,0.916193,-55.915802,false,true,false,false
1733968352993,36.012011,129.321917,1.135258,-0.152816,0.163869,9.804090,1020.682617,-0.007596,-0.013034,0.055532,-61.990771,false,true,false,false
1733968354024,36.012007,129.321929,1.122870,2.398813,3.360817,8.894997,1019.856201,-1.072426,-0.789444,-2.767935,-48.548880,false,true,false,false
1733968354033,36.012007,129.321929,1.122870,2.398813,3.360817,8.894997,1019.856201,-1.072426,-0.789444,-2.767935,-48.548880,false,true,false,false
1733968354118,36.011989,129.321943,1.328429,2.398813,3.360817,8.894997,1019.864014,-1.072426,-0.789444,-2.767935,-54.922306,false,true,false,false
1733968355118,36.011998,129.321944,1.131337,-1.636807,2.118102,9.434240,1019.984131,-0.395870,0.884227,0.916193,-55.915802,false,true,false,false
1733968355125,36.011998,129.321944,1.131337,-0.152816,0.163869,9.804090,1020.682617,-0.007596,-0.013034,0.055532,-61.990771,false,true,false,false
1733968356121,36.011987,129.321957,1.129905,3.054768,2.531186,8.968382,1019.849854,-1.374038,0.835062,-0.399235,-54.800762,false,true,false,false
1733968356129,36.011987,129.321957,1.129905,3.054768,2.531186,8.968382,1019.849854,-1.374038,0.835062,-0.399235,-54.800762,false,true,false,false
1733968356863,36.011976,129.321965,1.109778,-1.636807,2.118102,9.434240,1019.984131,-0.395870,0.884227,0.916193,-55.915802,false,true,false,false
1733968356874,36.011976,129.321965,1.109778,-0.152816,0.163869,9.804090,1020.682617,-0.007596,-0.013034,0.055532,-61.990771,false,true,false,false
1733968358002,36.011957,129.321976,1.097280,2.922027,2.939021,8.887873,1019.902344,-1.451987,-1.729949,1.603819,-55.239380,false,true,false,false
1733968358012,36.011957,129.321976,1.097280,2.922027,2.939021,8.887873,1019.902344,-1.451987,-1.729949,1.603819,-55.239380,false,true,false,false
1733968359102,36.011948,129.321983,1.108610,-1.636807,2.118102,9.434240,1019.984131,-0.395870,0.884227,0.916193,-55.915802,false,true,false,false
1733968359115,36.011948,129.321983,1.108610,-0.152816,0.163869,9.804090,1020.682617,-0.007596,-0.013034,0.055532,-61.990771,false,true,false,false
1733968359128,36.011936,129.321988,1.340471,2.049229,2.642132,9.219011,1019.887451,-2.101901,-0.906335,0.250356,-55.112549,false,true,false,false
1733968360144,36.011936,129.321990,1.133266,0.114946,2.911625,9.363739,1019.872803,-0.847572,-2.425602,4.793475,-48.798925,false,true,false,false
1733968360153,36.011936,129.321990,1.133266,0.114946,2.911625,9.363739,1019.872803,-0.847572,-2.425602,4.793475,-48.798925,false,true,false,false
1733968361144,36.011923,129.321997,1.136168,-1.636807,2.118102,9.434240,1019.984131,-0.395870,0.884227,0.916193,-55.915802,false,true,false,false
1733968361163,36.011923,129.321997,1.136168,-0.152816,0.163869,9.804090,1020.682617,-0.007596,-0.013034,0.055532,-61.990771,false,true,false,false
1733968362149,36.011911,129.322007,1.175824,-2.192604,2.237616,9.292789,1019.875977,-1.429823,-0.130719,-1.690900,-48.803607,false,true,false,false
1733968362168,36.011911,129.322007,1.175824,-2.192604,2.237616,9.292789,1019.875977,-1.429823,-0.130719,-1.690900,-48.803607,false,true,false,false
1733968363054,36.011899,129.322022,1.123419,-1.636807,2.118102,9.434240,1019.984131,-0.395870,0.884227,0.916193,-55.915802,false,true,false,false
1733968363077,36.011899,129.322022,1.123419,-0.152816,0.163869,9.804090,1020.682617,-0.007596,-0.013034,0.055532,-61.990771,false,true,false,false
1733968364140,36.011897,129.322034,1.135070,3.846017,0.794746,8.985929,1019.825684,-1.904320,-2.353371,-0.682538,-48.510909,false,true,false,false
1733968364165,36.011897,129.322034,1.135070,3.846017,0.794746,8.985929,1019.825684,-1.904320,-2.353371,-0.682538,-48.510909,false,true,false,false
1733968364184,36.011904,129.322037,1.238917,3.846017,0.794746,8.985929,1019.820313,-1.904320,-2.353371,-0.682538,-54.557671,false,true,false,false
1733968364914,36.011896,129.322046,1.176001,-1.636807,2.118102,9.434240,1019.984131,-0.395870,0.884227,0.916193,-55.915802,false,true,false,false
1733968364939,36.011896,129.322046,1.176001,-0.152816,0.163869,9.804090,1020.682617,-0.007596,-0.013034,0.055532,-61.990771,false,true,false,false
1733968366172,36.011897,129.322063,1.133545,1.116839,-0.396838,9.734761,1019.835449,-0.199859,0.784698,3.187044,-48.403551,false,true,false,false
1733968366194,36.011897,129.322063,1.133545,1.116839,-0.396838,9.734761,1019.832520,-0.199859,0.784698,3.187044,-54.658077,false,true,false,false
1733968366830,36.011900,129.322073,1.166563,-1.636807,2.118102,9.434240,1019.984131,-0.395870,0.884227,0.916193,-55.915802,false,true,false,false
1733968366855,36.011900,129.322073,1.166563,-0.152816,0.163869,9.804090,1020.682617,-0.007596,-0.013034,0.055532,-61.990771,false,true,false,false
1733968367978,36.011912,129.322090,1.156698,5.873065,-0.180780,7.851416,1019.833496,-2.825246,-2.768876,3.988210,-48.333391,false,true,false,false
1733968367998,36.011912,129.322090,1.156698,5.873065,-0.180780,7.851416,1019.847656,-2.825246,-2.768876,3.988210,-54.784908,false,true,false,false
1733968369035,36.011917,129.322092,0.982002,-1.636807,2.118102,9.434240,1019.984131,-0.395870,0.884227,0.916193,-55.915802,false,true,false,false
1733968369063,36.011917,129.322092,0.982002,-0.152816,0.163869,9.804090,1020.682617,-0.007596,-0.013034,0.055532,-61.990771,false,true,false,false
1733968369142,36.011913,129.322075,0.980596,5.486426,0.768746,8.091876,1019.792236,-2.962937,-0.759169,-0.990375,-47.897505,false,true,false,false
1733968369822,36.011922,129.322094,1.012143,4.434475,1.298105,8.649896,1019.815918,-1.793671,0.648381,1.286341,-54.520679,false,true,false,false
1733968369845,36.011922,129.322094,1.012143,4.434475,1.298105,8.649896,1019.815918,-1.793671,0.648381,1.286341,-54.520679,false,true,false,false
1733968371155,36.011932,129.322093,0.893704,-1.636807,2.118102,9.434240,1019.984131,-0.395870,0.884227,0.916193,-55.915802,false,true,false,false
1733968371174,36.011932,129.322093,0.893704,-0.152816,0.163869,9.804090,1020.682617,-0.007596,-0.013034,0.055532,-61.990771,false,true,false,false
1733968371940,36.011934,129.322088,0.727010,0.421493,3.295117,9.226858,1019.807129,2.829832,-0.469959,0.733320,-54.446697,false,true,false,false
1733968371958,36.011934,129.322088,0.727010,0.421493,3.295117,9.226858,1019.807129,2.829832,-0.469959,0.733320,-54.446697,false,true,false,false
1733968373153,36.011935,129.322082,0.610891,-0.152816,0.163869,9.804090,1020.682617,-0.007596,-0.013034,0.055532,-61.990771,false,true,false,false
1733968373161,36.011935,129.322082,0.610891,-1.636807,2.118102,9.434240,1019.984131,-0.395870,0.884227,0.916193,-55.915802,false,true,false,false
1733968373843,36.011937,129.322083,0.534716,-4.942722,4.581536,7.123857,1019.725098,-2.414959,-0.391683,1.423743,-47.244271,false,true,false,false
1733968373856,36.011937,129.322083,0.534716,-4.942722,4.581536,7.123857,1019.725098,-2.414959,-0.391683,1.423743,-47.244271,false,true,false,false
1733968374126,36.011927,129.322077,0.252268,-4.271451,4.410387,7.646798,1019.711182,0.210886,-0.960342,-0.435163,-53.654015,false,true,false,false
1733968375131,36.011937,129.322088,0.464892,-1.636807,2.118102,9.434240,1019.984131,-0.395870,0.884227,0.916193,-55.915802,false,true,false,false
1733968375144,36.011937,129.322088,0.464892,-0.152816,0.163869,9.804090,1020.682617,-0.007596,-0.013034,0.055532,-61.990771,false,true,false,false
1733968375819,36.011936,129.322090,0.398257,-2.963427,4.219544,8.341698,1019.739990,-0.302264,0.501822,-0.624887,-47.351264,true,true,false,false
1733968375826,36.011936,129.322090,0.398257,-2.963427,4.219544,8.341698,1019.739990,-0.302264,0.501822,-0.624887,-47.351264,true,true,false,false
1733968377155,36.011938,129.322094,0.416683,-1.636807,2.118102,9.434240,1019.984131,-0.395870,0.884227,0.916193,-55.915802,true,true,true,false
1733968377174,36.011938,129.322094,0.416683,-0.152816,0.163869,9.804090,1020.682617,-0.007596,-0.013034,0.055532,-61.990771,true,true,true,false
1733968377844,36.011941,129.322099,0.509338,-3.683039,2.392426,8.768230,1019.722900,-0.557092,0.873265,-0.280486,-46.929825,true,false,true,false
1733968377926,36.011941,129.322099,0.509338,-3.683039,2.392426,8.768230,1019.708740,-0.557092,0.873265,-0.280486,-53.632877,true,false,true,false
1733968379124,36.011942,129.322101,0.475537,-2.250240,2.995062,9.062913,1019.708984,-0.242124,0.074304,-1.547215,-53.632877,true,false,true,false
1733968379141,36.011944,129.322107,0.551142,-1.636807,2.118102,9.434240,1019.984131,-0.395870,0.884227,0.916193,-55.915802,true,false,true,false
1733968379147,36.011944,129.322107,0.551142,-0.152816,0.163869,9.804090,1020.682617,-0.007596,-0.013034,0.055532,-61.990771,true,false,true,false
1733968379529,36.011946,129.322109,0.579107,-4.523608,4.753282,7.287911,1019.709229,-1.608242,1.407299,-1.745035,-53.638161,true,false,true,false
1733968379542,36.011946,129.322109,0.579107,-4.523608,4.753282,7.287911,1019.709229,-1.608242,1.407299,-1.745035,-53.638161,true,false,true,false
1733968381130,36.011951,129.322119,0.660044,-1.636807,2.118102,9.434240,1019.984131,-0.395870,0.884227,0.916193,-55.915802,true,true,true,false
1733968381136,36.011951,129.322119,0.660044,-0.152816,0.163869,9.804090,1020.682617,-0.007596,-0.013034,0.055532,-61.990771,true,true,true,false
1733968381625,36.011953,129.322122,0.655761,-1.686045,2.718461,9.270253,1019.627686,0.982150,-0.932386,-1.395424,-52.961739,true,true,true,false
1733968381635,36.011953,129.322122,0.655761,-1.686045,2.718461,9.270253,1019.627686,0.982150,-0.932386,-1.395424,-52.961739,true,true,true,false
1733968382952,36.011955,129.322130,0.665989,-1.636807,2.118102,9.434240,1019.984131,-0.395870,0.884227,0.916193,-55.915802,true,true,true,false
1733968382968,36.011955,129.322130,0.665989,-0.152816,0.163869,9.804090,1020.682617,-0.007596,-0.013034,0.055532,-61.990771,true,true,true,false
1733968383428,36.011954,129.322132,0.701653,-2.502032,4.082962,8.558012,1019.665039,0.816514,2.075224,0.355900,-53.273525,true,true,true,false
1733968383434,36.011954,129.322132,0.701653,-2.502032,4.082962,8.558012,1019.665039,0.816514,2.075224,0.355900,-53.273525,true,true,true,false
1733968384121,36.011950,129.322115,0.381667,-2.682630,3.312459,8.831844,1019.612549,-0.008453,-1.507230,-0.499723,-45.325327,true,true,true,false
1733968385146,36.011949,129.322144,0.761458,-1.636807,2.118102,9.434240,1019.984131,-0.395870,0.884227,0.916193,-55.915802,true,true,true,false
1733968385154,36.011949,129.322144,0.761458,-0.152816,0.163869,9.804090,1020.682617,-0.007596,-0.013034,0.055532,-61.990771,true,true,true,false
1733968385267,36.011948,129.322145,0.811821,-1.724961,3.626433,8.946723,1019.665039,-1.102591,0.632852,1.178656,-53.273525,true,true,true,false
1733968385278,36.011948,129.322145,0.811821,-1.724961,3.626433,8.946723,1019.694336,-1.102591,0.632852,1.178656,-53.516617,true,true,true,false
1733968387099,36.011942,129.322157,0.819083,-1.636807,2.118102,9.434240,1019.984131,-0.395870,0.884227,0.916193,-55.915802,true,true,true,false
1733968387122,36.011942,129.322157,0.819083,-2.743409,5.383320,7.724243,1019.703857,-0.464821,0.516292,-1.065669,-53.595882,true,true,true,false
1733968387137,36.011942,129.322157,0.819083,-2.743409,5.383320,7.724243,1019.703857,-0.464821,0.516292,-1.065669,-53.595882,true,true,true,false
1733968387150,36.011942,129.322157,0.819083,-0.152816,0.163869,9.804090,1020.682617,-0.007596,-0.013034,0.055532,-61.990771,true,true,true,false
1733968389141,36.011955,129.322135,0.298820,-0.285153,1.487566,9.688974,1019.656738,-2.477756,-2.033444,2.943133,-45.931731,true,true,true,false
1733968389153,36.011947,129.322166,0.818618,-1.636807,2.118102,9.434240,1019.984131,-0.395870,0.884227,0.916193,-55.915802,true,true,true,false
1733968389159,36.011947,129.322166,0.818618,-0.285153,1.487566,9.688974,1019.656738,-2.477756,-2.033444,2.943133,-45.931731,true,true,true,false
1733968389166,36.011947,129.322166,0.818618,-0.152816,0.163869,9.804090,1020.682617,-0.007596,-0.013034,0.055532,-61.990771,true,true,true,false
1733968389174,36.011947,129.322166,0.818618,-0.285153,1.487566,9.688974,1019.671875,-2.477756,-2.033444,2.943133,-53.326370,true,true,true,false
1733968391150,36.011957,129.322182,0.921990,-1.636807,2.118102,9.434240,1019.984131,-0.395870,0.884227,0.916193,-55.915802,true,true,true,false
1733968391165,36.011957,129.322182,0.921990,-2.908082,2.298084,9.079220,1019.587891,0.588100,0.371451,-4.240538,-45.281957,true,true,true,false
1733968391181,36.011957,129.322182,0.921990,-0.152816,0.163869,9.804090,1020.682617,-0.007596,-0.013034,0.055532,-61.990771,true,true,true,false
1733968391197,36.011957,129.322182,0.921990,-2.908082,2.298084,9.079220,1019.593994,0.588100,0.371451,-4.240538,-52.681656,true,true,true,false
1733968393144,36.011975,129.322199,1.087375,-1.636807,2.118102,9.434240,1019.984131,-0.395870,0.884227,0.916193,-55.915802,true,true,true,false
1733968393152,36.011975,129.322199,1.087375,-2.002436,2.547663,9.255812,1019.515137,0.008066,-0.263594,2.547902,-44.687497,true,true,true,false
1733968393162,36.011975,129.322199,1.087375,-0.152816,0.163869,9.804090,1020.682617,-0.007596,-0.013034,0.055532,-61.990771,true,true,true,false
1733968393168,36.011975,129.322199,1.087375,-2.002436,2.547663,9.255812,1019.515137,0.008066,-0.263594,2.547902,-44.687497,true,true,true,false
1733968395003,36.011991,129.322214,1.063262,-1.636807,2.118102,9.434240,1019.984131,-0.395870,0.884227,0.916193,-55.915802,true,true,true,false
1733968395026,36.011991,129.322214,1.063262,-0.152816,0.163869,9.804090,1020.682617,-0.007596,-0.013034,0.055532,-61.990771,true,true,true,false
1733968395041,36.011991,129.322214,1.063262,-2.384788,2.570962,9.158237,1019.470703,1.843699,1.211877,-3.861964,-51.661739,true,true,true,false
1733968395061,36.011991,129.322214,1.063262,-2.384788,2.570962,9.158237,1019.470703,1.843699,1.211877,-3.861964,-51.661739,true,true,true,false
1733968395123,36.011950,129.322175,0.405561,0.476323,1.655669,9.654132,1019.476807,-0.950375,1.037808,2.223802,-51.714584,true,true,true,false
1733968397119,36.012008,129.322218,1.020298,0.669644,4.092458,8.886716,1019.471924,2.629566,-1.741352,-0.597691,-51.672310,true,true,true,false
1733968397146,36.012008,129.322218,1.020298,-1.636807,2.118102,9.434240,1019.984131,-0.395870,0.884227,0.916193,-55.915802,true,true,true,false
1733968397164,36.012008,129.322218,1.020298,0.669644,4.092458,8.886716,1019.471924,2.629566,-1.741352,-0.597691,-51.672310,true,true,true,false
1733968397180,36.012008,129.322218,1.020298,-0.152816,0.163869,9.804090,1020.682617,-0.007596,-0.013034,0.055532,-61.990771,true,true,true,false
1733968399156,36.011959,129.322203,0.518609,0.531756,3.931750,8.968219,1019.448486,-0.081646,-0.369178,-2.558641,-51.476780,true,true,true,false
1733968399171,36.012013,129.322226,1.009114,-1.636807,2.118102,9.434240,1019.984131,-0.395870,0.884227,0.916193,-55.915802,true,true,true,false
1733968399187,36.012013,129.322226,1.009114,0.531756,3.931750,8.968219,1019.471436,-0.081646,-0.369178,-2.558641,-51.667023,true,true,true,false
1733968399205,36.012013,129.322226,1.009114,-0.152816,0.163869,9.804090,1020.682617,-0.007596,-0.013034,0.055532,-61.990771,true,true,true,false
1733968399217,36.012013,129.322226,1.009114,0.770820,4.249234,8.804555,1019.471436,-0.265644,0.769312,0.396662,-43.913652,true,true,true,false
1733968401802,36.012034,129.322235,1.103962,-1.636807,2.118102,9.434240,1019.984131,-0.395870,0.884227,0.916193,-55.915802,true,true,true,false
1733968401822,36.012034,129.322235,1.103962,-0.152816,0.163869,9.804090,1020.682617,-0.007596,-0.013034,0.055532,-61.990771,true,true,true,false
1733968401839,36.012034,129.322235,1.103962,0.831525,-1.730873,9.616810,1019.451172,6.758393,1.003036,2.423930,-51.497917,true,true,true,false
1733968401859,36.012034,129.322235,1.103962,0.831525,-1.730873,9.616810,1019.451172,6.758393,1.003036,2.423930,-51.497917,true,true,true,false
1733968404045,36.012064,129.322251,1.140504,-1.636807,2.118102,9.434240,1019.984131,-0.395870,0.884227,0.916193,-55.915802,true,true,true,false
1733968404055,36.012064,129.322251,1.140504,-0.533792,-0.775275,9.761374,1019.404297,2.396481,-0.927002,1.039169,-43.388287,true,true,true,false
1733968404065,36.012064,129.322251,1.140504,-0.152816,0.163869,9.804090,1020.682617,-0.007596,-0.013034,0.055532,-61.990771,true,true,true,false
1733968404075,36.012064,129.322251,1.140504,-0.533792,-0.775275,9.761374,1019.404297,2.396481,-0.927002,1.039169,-43.388287,true,true,true,false
1733968406006,36.012079,129.322260,0.999941,-1.636807,2.118102,9.434240,1019.984131,-0.395870,0.884227,0.916193,-55.915802,true,true,true,false
1733968406014,36.012079,129.322260,0.999941,-1.648792,3.113722,9.151862,1019.295654,-0.438952,1.435261,-0.781434,-50.213772,true,true,true,false
1733968406023,36.012079,129.322260,0.999941,-0.152816,0.163869,9.804090,1020.682617,-0.007596,-0.013034,0.055532,-61.990771,true,true,true,false
1733968406030,36.012079,129.322260,0.999941,-1.648792,3.113722,9.151862,1019.295654,-0.438952,1.435261,-0.781434,-50.213772,true,true,true,false
1733968406120,36.011968,129.322273,0.534060,-2.888139,3.573129,8.663819,1019.274658,-2.527845,-0.611501,3.882097,-50.039383,true,true,true,false
1733968407888,36.012075,129.322285,0.924388,1.401935,2.606088,9.349506,1019.218018,-0.542417,1.804032,1.757495,-49.569057,true,true,true,false
1733968407903,36.012075,129.322285,0.924388,-0.152816,0.163869,9.804090,1020.682617,-0.007596,-0.013034,0.055532,-61.990771,true,true,true,false
1733968407915,36.012075,129.322285,0.924388,1.401935,2.606088,9.349506,1019.218018,-0.542417,1.804032,1.757495,-49.569057,true,true,true,false
1733968407927,36.012075,129.322285,0.924388,-1.636807,2.118102,9.434240,1019.984131,-0.395870,0.884227,0.916193,-55.915802,true,true,true,false
1733968409126,36.011974,129.322313,0.000000,4.340346,2.532357,8.421338,1019.233398,-0.061908,-2.237871,-4.145294,-42.061637,true,true,true,false
1733968410199,36.012051,129.322316,0.880551,-1.636807,2.118102,9.434240,1019.984131,-0.395870,0.884227,0.916193,-55.915802,true,true,true,false
1733968410222,36.012051,129.322316,0.880551,5.664610,-7.683627,2.245903,1019.206787,12.168003,-0.363585,-4.525184,-42.464269,true,true,true,false
1733968410245,36.012051,129.322316,0.880551,-0.152816,0.163869,9.804090,1020.682617,-0.007596,-0.013034,0.055532,-61.990771,true,true,true,false
1733968410270,36.012051,129.322316,0.880551,5.664610,-7.683627,2.245903,1019.206787,12.168003,-0.363585,-4.525184,-42.464269,true,true,true,false
1733968412439,36.012016,129.322314,1.044591,-1.636807,2.118102,9.434240,1019.984131,-0.395870,0.884227,0.916193,-55.915802,true,true,true,false
1733968412456,36.012016,129.322314,1.044591,4.669622,-3.756058,-7.762502,1019.122070,1.830935,1.857456,2.018513,-48.771091,true,true,true,false
1733968412476,36.012016,129.322314,1.044591,-0.152816,0.163869,9.804090,1020.682617,-0.007596,-0.013034,0.055532,-61.990771,true,true,true,false
1733968412494,36.012016,129.322314,1.044591,4.669622,-3.756058,-7.762502,1019.147217,1.830935,1.857456,2.018513,-48.982475,true,true,true,false
1733968414463,36.011983,129.322312,1.290319,-1.636807,2.118102,9.434240,1019.984131,-0.395870,0.884227,0.916193,-55.915802,true,true,true,false
1733968414484,36.011983,129.322312,1.290319,1.326553,-9.603375,-1.478296,1019.105225,3.296650,-0.419052,-4.988742,-48.633694,true,true,true,false
1733968414504,36.011983,129.322312,1.290319,2.579425,-8.698219,-3.722561,1019.105225,-1.420631,-4.319355,-1.561741,-41.513791,true,true,true,false
1733968414522,36.011983,129.322312,1.290319,-0.152816,0.163869,9.804090,1020.682617,-0.007596,-0.013034,0.055532,-61.990771,true,true,true,false
1733968416915,36.011955,129.322296,1.292529,-1.636807,2.118102,9.434240,1019.984131,-0.395870,0.884227,0.916193,-55.915802,true,true,true,false
1733968416935,36.011955,129.322296,1.292529,-0.373325,-9.795805,-0.270251,1019.015869,-0.294657,1.351156,1.431439,-47.893856,true,true,true,false
1733968416957,36.011955,129.322296,1.292529,-0.152816,0.163869,9.804090,1020.682617,-0.007596,-0.013034,0.055532,-61.990771,true,true,true,false
1733968416975,36.011955,129.322296,1.292529,-0.373325,-9.795805,-0.270251,1019.015869,-0.294657,1.351156,1.431439,-47.893856,true,true,true,false
1733968418135,36.011943,129.322403,0.700687,0.853486,-9.368585,2.769728,1019.054932,-1.009109,-2.047268,-0.674802,-41.122442,true,true,true,false
1733968419441,36.011925,129.322318,1.111208,-1.636807,2.118102,9.434240,1019.984131,-0.395870,0.884227,0.916193,-55.915802,true,true,true,false
1733968419466,36.011925,129.322318,1.111208,-0.183753,-9.158456,3.501320,1019.049316,0.861312,-3.200712,0.192933,-48.168652,true,true,true,false
1733968419492,36.011925,129.322318,1.111208,-0.152816,0.163869,9.804090,1020.682617,-0.007596,-0.013034,0.055532,-61.990771,true,true,true,false
1733968419514,36.011925,129.322318,1.111208,-0.183753,-9.158456,3.501320,1019.076416,0.861312,-3.200712,0.192933,-48.395889,true,true,true,false
1733968421481,36.011929,129.322341,1.045940,-1.636807,2.118102,9.434240,1019.984131,-0.395870,0.884227,0.916193,-55.915802,true,true,true,false
1733968421506,36.011929,129.322341,1.045940,1.839992,-9.630903,-0.173937,1018.995117,-2.251795,6.621392,2.005501,-47.719467,true,true,true,false
1733968421524,36.011929,129.322341,1.045940,1.473946,-9.596766,1.378292,1018.995117,-2.036584,-0.672265,-1.059863,-40.573942,true,true,true,false
1733968421539,36.011929,129.322341,1.045940,-0.152816,0.163869,9.804090,1020.682617,-0.007596,-0.013034,0.055532,-61.990771,true,true,true,false
1733968423587,36.011947,129.322355,1.024052,-1.636807,2.118102,9.434240,1019.984131,-0.395870,0.884227,0.916193,-55.915802,true,true,true,false
1733968423603,36.011947,129.322355,1.024052,3.612226,-9.036018,-1.213370,1019.017334,-4.761443,2.940082,0.346669,-47.904427,true,true,true,false
1733968423618,36.011947,129.322355,1.024052,-0.152816,0.163869,9.804090,1020.682617,-0.007596,-0.013034,0.055532,-61.990771,true,true,true,false
1733968423633,36.011947,129.322355,1.024052,3.612226,-9.036018,-1.213370,1019.017334,-4.761443,2.940082,0.346669,-47.904427,true,true,true,false
1733968425683,36.011965,129.322378,1.028404,-1.636807,2.118102,9.434240,1019.984131,-0.395870,0.884227,0.916193,-55.915802,true,true,true,false
1733968425688,36.011965,129.322378,1.028404,-0.285120,-9.574941,2.099832,1019.066895,1.695305,-1.069980,-0.036030,-48.316620,true,true,true,false
1733968425692,36.011965,129.322378,1.028404,-0.152816,0.163869,9.804090,1020.682617,-0.007596,-0.013034,0.055532,-61.990771,true,true,true,false
1733968425697,36.011965,129.322378,1.028404,-0.285120,-9.574941,2.099832,1019.066895,1.695305,-1.069980,-0.036030,-48.316620,true,true,true,false
1733968427917,36.011973,129.322405,1.061441,-1.636807,2.118102,9.434240,1019.984131,-0.395870,0.884227,0.916193,-55.915802,true,true,true,false
1733968427941,36.011973,129.322405,1.061441,1.325735,-9.712912,-0.267826,1019.009277,-2.874784,4.387908,1.448167,-47.841011,true,true,true,false
1733968427964,36.011973,129.322405,1.061441,-0.152816,0.163869,9.804090,1020.682617,-0.007596,-0.013034,0.055532,-61.990771,true,true,true,false
1733968427981,36.011973,129.322405,1.061441,1.325735,-9.712912,-0.267826,1019.031494,-2.874784,4.387908,1.448167,-48.020687,true,true,true,false
1733968429841,36.011982,129.322434,1.054466,-1.636807,2.118102,9.434240,1019.984131,-0.395870,0.884227,0.916193,-55.915802,true,true,true,false
1733968429861,36.011982,129.322434,1.054466,1.885708,-9.614333,-0.422724,1019.025391,-4.519330,-10.083364,2.096271,-41.973394,true,true,true,false
1733968429877,36.011982,129.322434,1.054466,-0.152816,0.163869,9.804090,1020.682617,-0.007596,-0.013034,0.055532,-61.990771,true,true,true,false
1733968429893,36.011982,129.322434,1.054466,1.885708,-9.614333,-0.422724,1019.039307,-4.519330,-10.083364,2.096271,-48.089386,true,true,true,false
1733968438509,36.011986,129.322479,0.978610,-1.636807,2.118102,9.434240,1019.984131,-0.395870,0.884227,0.916193,-55.915802,true,true,true,false
1733968438528,36.011986,129.322479,0.978610,2.324057,-9.523416,-0.270490,1018.992676,-1.464539,-5.093485,-1.443758,-47.703613,true,true,true,false
1733968438542,36.011986,129.322479,0.978610,2.324057,-9.523416,-0.270490,1018.992676,-1.464539,-5.093485,-1.443758,-47.703613,true,true,true,false
1733968438557,36.011986,129.322479,0.978610,-0.152816,0.163869,9.804090,1020.682617,-0.007596,-0.013034,0.055532,-61.990771,true,true,true,false
1733968443580,36.011976,129.322480,0.340443,-1.636807,2.118102,9.434240,1019.984131,-0.395870,0.884227,0.916193,-55.915802,true,true,true,false
1733968443596,36.011976,129.322480,0.340443,1.511373,-9.606010,-1.268964,1019.006592,2.412723,-1.577605,-6.349685,-47.814590,true,true,true,false
1733968443612,36.011976,129.322480,0.340443,-0.152816,0.163869,9.804090,1020.682617,-0.007596,-0.013034,0.055532,-61.990771,true,true,true,false
1733968443628,36.011976,129.322480,0.340443,1.511373,-9.606010,-1.268964,1019.006592,2.412723,-1.577605,-6.349685,-47.814590,true,true,true,false
1733968448186,36.011956,129.322445,0.349454,-1.636807,2.118102,9.434240,1019.984131,-0.395870,0.884227,0.916193,-55.915802,true,true,true,false
1733968448208,36.011956,129.322445,0.349454,-0.152816,0.163869,9.804090,1020.682617,-0.007596,-0.013034,0.055532,-61.990771,true,true,true,false
1733968448223,36.011956,129.322445,0.349454,0.475292,-9.789763,-0.323565,1018.956299,-1.239043,3.614818,1.846278,-47.397110,true,true,true,false
1733968448236,36.011956,129.322445,0.349454,0.475292,-9.789763,-0.323565,1018.956299,-1.239043,3.614818,1.846278,-47.397110,true,true,true,false
1733968453212,36.011943,129.322416,0.461388,-1.636807,2.118102,9.434240,1019.984131,-0.395870,0.884227,0.916193,-55.915802,true,true,true,false
1733968453234,36.011943,129.322416,0.461388,-0.449947,-9.762445,0.813695,1019.003174,0.083634,-0.027744,0.431289,-43.104176,true,true,true,false
1733968453251,36.011943,129.322416,0.461388,-0.152816,0.163869,9.804090,1020.682617,-0.007596,-0.013034,0.055532,-61.990771,true,true,true,false
1733968453274,36.011943,129.322416,0.461388,-0.449947,-9.762445,0.813695,1019.000244,0.083634,-0.027744,0.431289,-47.761742,true,true,true,false
1733968458241,36.011937,129.322400,0.390101,-1.636807,2.118102,9.434240,1019.984131,-0.395870,0.884227,0.916193,-55.915802,true,true,true,false
1733968458260,36.011937,129.322400,0.390101,-1.671102,-9.608316,-1.028463,1018.990234,2.238528,0.086277,-0.764794,-42.310859,true,true,true,false
1733968458275,36.011937,129.322400,0.390101,-0.152816,0.163869,9.804090,1020.682617,-0.007596,-0.013034,0.055532,-61.990771,true,true,true,false
1733968458289,36.011937,129.322400,0.390101,-1.671102,-9.608316,-1.028463,1019.005615,2.238528,0.086277,-0.764794,-47.809303,true,true,true,false
1733968463254,36.011936,129.322394,0.269401,-1.636807,2.118102,9.434240,1019.984131,-0.395870,0.884227,0.916193,-55.915802,true,true,true,false
1733968463655,36.011936,129.322394,0.269401,9.514238,-2.259547,-0.737359,1019.033203,0.354960,0.040122,-0.308908,-48.036541,true,true,true,false
1733968463681,36.011936,129.322394,0.269401,-0.152816,0.163869,9.804090,1020.682617,-0.007596,-0.013034,0.055532,-61.990771,true,true,true,false
1733968463698,36.011936,129.322394,0.269401,9.514238,-2.259547,-0.737359,1019.027832,0.354960,0.040122,-0.308908,-47.994263,true,true,true,false
1733968468181,36.011937,129.322393,0.159606,-1.636807,2.118102,9.434240,1019.984131,-0.395870,0.884227,0.916193,-55.915802,true,true,true,false
1733968468231,36.011937,129.322393,0.159606,7.439391,-6.176282,-1.636789,1019.051758,-0.141564,-0.171046,-0.211534,-48.189793,true,true,true,false
1733968468254,36.011937,129.322393,0.159606,-0.152816,0.163869,9.804090,1020.682617,-0.007596,-0.013034,0.055532,-61.990771,true,true,true,false
1733968468270,36.011937,129.322393,0.159606,7.439391,-6.176282,-1.636789,1019.051758,-0.141564,-0.171046,-0.211534,-48.189793,true,true,true,false
1733968473289,36.011938,129.322394,0.079374,-1.636807,2.118102,9.434240,1019.984131,-0.395870,0.884227,0.916193,-55.915802,true,true,true,false
1733968473311,36.011938,129.322394,0.079374,-0.152816,0.163869,9.804090,1020.682617,-0.007596,-0.013034,0.055532,-61.990771,true,true,true,false
1733968473327,36.011938,129.322394,0.079374,8.358421,-4.930023,-1.414813,1019.054443,0.165236,0.033581,0.246443,-48.210930,true,true,true,false
1733968473346,36.011938,129.322394,0.079374,8.358421,-4.930023,-1.414813,1019.054443,0.165236,0.033581,0.246443,-48.210930,true,true,true,false
1733968478303,36.012318,129.322069,3.488492,-1.636807,2.118102,9.434240,1019.984131,-0.395870,0.884227,0.916193,-55.915802,true,true,true,false
1733968478336,36.012318,129.322069,3.488492,8.376937,-4.914216,-1.359203,1019.044922,-0.099882,-0.063629,-0.168297,-48.136948,true,true,true,false
1733968478352,36.012318,129.322069,3.488492,-0.152816,0.163869,9.804090,1020.682617,-0.007596,-0.013034,0.055532,-61.990771,true,true,true,false
1733968478368,36.012318,129.322069,3.488492,8.376937,-4.914216,-1.359203,1019.044922,-0.099882,-0.063629,-0.168297,-48.136948,true,true,true,false
1733968483233,36.012567,129.321858,4.428322,-1.636807,2.118102,9.434240,1019.984131,-0.395870,0.884227,0.916193,-55.915802,true,true,true,false
1733968483265,36.012567,129.321858,4.428322,9.095753,-3.660208,-0.200406,1019.089355,-0.026217,0.143126,0.224348,-43.813727,true,true,true,false
1733968483283,36.012567,129.321858,4.428322,9.095753,-3.660208,-0.200406,1019.070068,-0.026217,0.143126,0.224348,-48.343044,true,true,true,false
1733968483301,36.012567,129.321858,4.428322,-0.152816,0.163869,9.804090,1020.682617,-0.007596,-0.013034,0.055532,-61.990771,true,true,true,false
1733968488279,36.012710,129.321736,4.272691,-1.636807,2.118102,9.434240,1019.984131,-0.395870,0.884227,0.916193,-55.915802,true,true,true,false
1733968488301,36.012710,129.321736,4.272691,8.732285,-4.292377,-1.221779,1019.014893,-0.304396,0.567000,0.041437,-43.194111,true,true,true,false
1733968488319,36.012710,129.321736,4.272691,-0.152816,0.163869,9.804090,1020.682617,-0.007596,-0.013034,0.055532,-61.990771,true,true,true,false
1733968488335,36.012710,129.321736,4.272691,8.732285,-4.292377,-1.221779,1019.014893,-0.304396,0.567000,0.041437,-43.194111,true,true,true,false
1733968493270,36.012785,129.321673,3.709882,-1.636807,2.118102,9.434240,1019.984131,-0.395870,0.884227,0.916193,-55.915802,true,true,true,false
1733968493306,36.012785,129.321673,3.709882,9.115715,-3.420701,1.171575,1019.010498,-0.690220,-0.508184,0.171572,-47.851582,true,true,true,false
1733968493322,36.012785,129.321673,3.709882,-0.152816,0.163869,9.804090,1020.682617,-0.007596,-0.013034,0.055532,-61.990771,true,true,true,false
1733968493338,36.012785,129.321673,3.709882,9.115715,-3.420701,1.171575,1019.010498,-0.690220,-0.508184,0.171572,-47.851582,true,true,true,false
1733968498343,36.012819,129.321644,3.022519,-1.636807,2.118102,9.434240,1019.984131,-0.395870,0.884227,0.916193,-55.915802,true,true,true,false
1733968498369,36.012819,129.321644,3.022519,9.384544,-2.759264,-0.697665,1018.976807,-0.401200,-0.140114,0.108692,-47.571499,true,true,true,false
1733968498387,36.012819,129.321644,3.022519,-0.152816,0.163869,9.804090,1020.682617,-0.007596,-0.013034,0.055532,-61.990771,true,true,true,false
1733968498404,36.012819,129.321644,3.022519,9.444697,-2.632622,0.192406,1018.982422,0.067765,0.133075,0.114051,-42.600875,true,true,true,false
1733968503339,36.012826,129.321639,2.332887,-1.636807,2.118102,9.434240,1019.984131,-0.395870,0.884227,0.916193,-55.915802,true,true,true,false
1733968503358,36.012826,129.321639,2.332887,9.344879,-2.956508,-0.319948,1019.003418,-0.023952,0.114591,-0.003269,-47.788166,true,true,true,false
1733968503371,36.012826,129.321639,2.332887,-0.152816,0.163869,9.804090,1020.682617,-0.007596,-0.013034,0.055532,-61.990771,true,true,true,false
1733968503386,36.012826,129.321639,2.332887,9.344879,-2.956508,-0.319948,1018.983887,-0.023952,0.114591,-0.003269,-47.629631,true,true,true,false
1733968508112,36.011487,129.322561,0.363792,6.189283,-7.459878,-1.487568,1018.969238,-1.271294,1.632092,2.026264,-42.791014,true,true,true,false
1733968508139,36.011700,129.322418,0.756203,-1.636807,2.118102,9.434240,1019.984131,-0.395870,0.884227,0.916193,-55.915802,true,true,true,false
1733968508156,36.011700,129.322418,0.756203,6.189283,-7.459878,-1.487568,1018.969238,-1.271294,1.632092,2.026264,-42.791014,true,true,true,false
1733968508174,36.011700,129.322418,0.756203,-0.152816,0.163869,9.804090,1020.682617,-0.007596,-0.013034,0.055532,-61.990771,true,true,true,false
1733968508189,36.011700,129.322418,0.756203,6.189283,-7.459878,-1.487568,1018.970459,-1.271294,1.632092,2.026264,-47.518654,true,true,true,false
1733968509129,36.011477,129.322546,0.337616,8.881169,-2.597275,-3.247918,1018.993164,-0.015141,0.183919,0.192917,-47.703613,true,true,true,false
1733968513377,36.011591,129.322484,0.144213,-1.636807,2.118102,9.434240,1019.984131,-0.395870,0.884227,0.916193,-55.915802,true,true,true,false
1733968513396,36.011591,129.322484,0.144213,-0.152816,0.163869,9.804090,1020.682617,-0.007596,-0.013034,0.055532,-61.990771,true,true,true,false
1733968513412,36.011591,129.322484,0.144213,9.800636,-0.329893,-0.094453,1019.033203,-0.000870,0.023435,-0.015680,-48.036541,true,true,true,false
1733968513429,36.011591,129.322484,0.144213,9.800636,-0.329893,-0.094453,1019.033203,-0.000870,0.023435,-0.015680,-48.036541,true,true,true,false
1733968718908,36.011590,129.322492,0.145423,-0.152816,0.163869,9.804090,1020.682617,-0.007596,-0.013034,0.055532,-61.990771,true,true,true,false
1733968718923,36.011590,129.322492,0.145423,9.735072,0.198953,1.165673,1018.947021,0.004840,-0.012206,0.000303,-47.323124,true,true,true,false
1733968718940,36.011589,129.322501,0.146647,-0.152816,0.163869,9.804090,1020.682617,-0.007596,-0.013034,0.055532,-61.990771,true,true,true,false
1733968718958,36.011588,129.322509,0.147808,-0.152816,0.163869,9.804090,1020.682617,-0.007596,-0.013034,0.055532,-61.990771,true,true,true,false
1733968718974,36.011525,129.322534,0.423728,-0.152816,0.163869,9.804090,1020.682617,-0.007596,-0.013034,0.055532,-61.990771,true,true,true,false
1733968718991,36.011484,129.322546,0.859572,-0.152816,0.163869,9.804090,1020.682617,-0.007596,-0.013034,0.055532,-61.990771,true,true,true,false
1733968719007,36.011472,129.322548,0.403343,-0.152816,0.163869,9.804090,1020.682617,-0.007596,-0.013034,0.055532,-61.990771,true,true,true,false
1733968719027,36.011473,129.322547,0.093400,-0.152816,0.163869,9.804090,1020.682617,-0.007596,-0.013034,0.055532,-61.990771,true,true,true,false
1733968719048,36.011589,129.322501,0.146647,9.735072,0.198953,1.165673,1018.963623,0.004840,-0.012206,0.000303,-47.460526,true,true,true,false
1733968719075,36.011588,129.322509,0.147808,9.735072,0.198953,1.165673,1018.963623,0.004840,-0.012206,0.000303,-47.460526,true,true,true,false
1733968719091,36.011525,129.322534,0.423728,9.734938,0.198948,1.166782,1018.963623,-0.002209,-0.000230,0.008771,-41.996713,true,true,true,false
1733968719108,36.011484,129.322546,0.859572,9.734938,0.198948,1.166782,1018.958008,-0.002209,-0.000230,0.008771,-47.412964,true,true,true,false
1733968719126,36.011472,129.322548,0.403343,9.734938,0.198948,1.166782,1018.958008,-0.002209,-0.000230,0.008771,-47.412964,true,true,true,false
1733968719145,36.011473,129.322547,0.093400,9.734938,0.198948,1.166782,1018.958008,-0.002209,-0.000230,0.008771,-47.412964,true,true,true,false
1733968719161,36.011476,129.322546,0.013003,9.734938,0.198948,1.166782,1018.958008,-0.002209,-0.000230,0.008771,-47.412964,true,true,true,false
1733968719180,36.011477,129.322546,0.024533,9.734938,0.198948,1.166782,1018.958008,-0.002209,-0.000230,0.008771,-47.412964,true,true,true,false
1733968719200,36.011477,129.322546,0.013950,9.734938,0.198948,1.166782,1018.970947,-0.002209,-0.000230,0.008771,-47.518654,true,true,true,false
1733968719225,36.011477,129.322546,0.004731,9.734938,0.198948,1.166782,1018.970947,-0.002209,-0.000230,0.008771,-47.518654,true,true,true,false
1733968719249,36.011477,129.322546,0.000464,9.734938,0.198948,1.166782,1018.970947,-0.002209,-0.000230,0.008771,-47.518654,true,true,true,false
1733968719265,36.011477,129.322546,0.000764,9.734660,0.201829,1.168637,1018.970947,0.017222,-0.010293,0.002128,-42.407865,true,true,true,false
1733968719285,36.011477,129.322546,0.000696,9.734660,0.201829,1.168637,1018.970947,0.017222,-0.010293,0.002128,-42.407865,true,true,true,false
1733968719302,36.011477,129.322546,0.000375,9.734660,0.201829,1.168637,1018.958252,0.017222,-0.010293,0.002128,-47.418247,true,true,true,false
1733968719320,36.011477,129.322546,0.000133,9.734660,0.201829,1.168637,1018.958252,0.017222,-0.010293,0.002128,-47.418247,true,true,true,false
1733968719336,36.011477,129.322546,0.000015,9.734660,0.201829,1.168637,1018.958252,0.017222,-0.010293,0.002128,-47.418247,true,true,true,false
1733968719356,36.011476,129.322546,0.013003,-0.152816,0.163869,9.804090,1020.682617,-0.007596,-0.013034,0.055532,-61.990771,true,true,true,false
1733968719373,36.011477,129.322546,0.000025,9.734660,0.201829,1.168637,1018.958252,0.017222,-0.010293,0.002128,-47.418247,true,true,true,false
1733968719389,36.011477,129.322546,0.000026,9.734660,0.201829,1.168637,1018.958252,0.017222,-0.010293,0.002128,-47.418247,true,true,true,false
1733968719406,36.011477,129.322546,0.000017,9.734660,0.201829,1.168637,1018.957275,0.017222,-0.010293,0.002128,-47.407677,true,true,true,false
1733968719423,36.011590,129.322492,0.145423,-1.636807,2.118102,9.434240,1019.984131,-0.395870,0.884227,0.916193,-55.915802,true,true,true,false
1733968719444,36.011477,129.322546,0.000008,9.734965,0.199307,1.166488,1018.957275,0.009735,-0.007771,-0.005301,-42.267787,true,true,true,false
1733968719463,36.011477,129.322546,0.000002,9.734965,0.199307,1.166488,1018.957275,0.009735,-0.007771,-0.005301,-42.267787,true,true,true,false
1733968719481,36.011589,129.322501,0.146647,-1.636807,2.118102,9.434240,1019.984131,-0.395870,0.884227,0.916193,-55.915802,true,true,true,false
1733968719496,36.011477,129.322546,0.000000,9.734965,0.199307,1.166488,1018.957275,0.009735,-0.007771,-0.005301,-42.267787,true,true,true,false
1733968719512,36.011588,129.322509,0.147808,-1.636807,2.118102,9.434240,1019.984131,-0.395870,0.884227,0.916193,-55.915802,true,true,true,false
1733968719535,36.011477,129.322546,0.000001,9.734965,0.199307,1.166488,1018.941650,0.009735,-0.007771,-0.005301,-47.280849,true,true,true,false
1733968719555,36.012571,129.321835,13.806787,9.734965,0.199307,1.166488,1018.941650,0.009735,-0.007771,-0.005301,-47.280849,true,true,true,false
1733968719571,36.011525,129.322534,0.423728,-1.636807,2.118102,9.434240,1019.984131,-0.395870,0.884227,0.916193,-55.915802,true,true,true,false
1733968719590,36.012766,129.321708,7.687201,9.734965,0.199307,1.166488,1018.941650,0.009735,-0.007771,-0.005301,-47.280849,true,true,true,false
1733968719607,36.012363,129.321970,4.440211,9.734965,0.199307,1.166488,1018.935547,0.009735,-0.007771,-0.005301,-47.228004,true,true,true,false
1733968719625,36.011484,129.322546,0.859572,-1.636807,2.118102,9.434240,1019.984131,-0.395870,0.884227,0.916193,-55.915802,true,true,true,false
1733968719645,36.011757,129.322364,10.182275,9.735093,0.201255,1.165124,1018.935547,0.007213,-0.007324,-0.001542,-41.853377,true,true,true,false
1733968719665,36.011430,129.322577,9.227609,9.735093,0.201255,1.165124,1018.935547,0.007213,-0.007324,-0.001542,-41.853377,true,true,true,false
1733968719684,36.011472,129.322548,0.403343,-1.636807,2.118102,9.434240,1019.984131,-0.395870,0.884227,0.916193,-55.915802,true,true,true,false
1733968719703,36.011321,129.322648,6.209578,9.735093,0.201255,1.165124,1018.932129,0.007213,-0.007324,-0.001542,-47.201580,true,true,true,false
1733968719723,36.011473,129.322547,0.093400,-1.636807,2.118102,9.434240,1019.984131,-0.395870,0.884227,0.916193,-55.915802,true,true,true,false
1733968719741,36.011323,129.322647,3.310751,9.735093,0.201255,1.165124,1018.932129,0.007213,-0.007324,-0.001542,-47.201580,true,true,true,false
1733968719761,36.011367,129.322618,1.289239,9.735093,0.201255,1.165124,1018.932129,0.007213,-0.007324,-0.001542,-47.201580,true,true,true,false
1733968719781,36.011476,129.322546,0.013003,-1.636807,2.118102,9.434240,1019.984131,-0.395870,0.884227,0.916193,-55.915802,true,true,true,false
1733968719803,36.012585,129.321825,13.145534,9.735292,0.199955,1.163623,1018.947510,-0.009746,-0.006024,-0.000041,-42.070948,true,true,true,false
1733968719821,36.011477,129.322546,0.024533,-1.636807,2.118102,9.434240,1019.984131,-0.395870,0.884227,0.916193,-55.915802,true,true,true,false
1733968719837,36.012763,129.321710,7.103158,9.735292,0.199955,1.163623,1018.947510,-0.009746,-0.006024,-0.000041,-42.070948,true,true,true,false
1733968719854,36.012619,129.321451,4.226685,9.735292,0.199955,1.163623,1018.947510,-0.009746,-0.006024,-0.000041,-42.070948,true,true,true,false
1733968719871,36.011477,129.322546,0.013950,-1.636807,2.118102,9.434240,1019.984131,-0.395870,0.884227,0.916193,-55.915802,true,true,true,false
1733968719890,36.012541,129.321394,2.396282,9.735292,0.199955,1.163623,1018.947510,-0.009746,-0.006024,-0.000041,-42.070948,true,true,true,false
1733968719908,36.012650,129.321670,2.928822,9.735292,0.199955,1.163623,1018.940918,-0.009746,-0.006024,-0.000041,-47.270279,true,true,true,false
1733968719929,36.011477,129.322546,0.004731,-1.636807,2.118102,9.434240,1019.984131,-0.395870,0.884227,0.916193,-55.915802,true,true,true,false
1733968719946,36.012691,129.321770,2.312539,9.735292,0.199955,1.163623,1018.940918,-0.009746,-0.006024,-0.000041,-47.270279,true,true,true,false
1733968719963,36.011477,129.322546,0.000464,-1.636807,2.118102,9.434240,1019.984131,-0.395870,0.884227,0.916193,-55.915802,true,true,true,false
1733968719983,36.012696,129.321783,0.927443,9.735507,0.201265,1.161693,1018.940918,0.002010,0.016607,-0.000505,-42.012888,true,true,true,false
1733968719999,36.012692,129.321772,0.160081,9.735507,0.201265,1.161693,1018.917480,0.002010,0.016607,-0.000505,-47.080036,true,true,true,false
1733968720016,36.011477,129.322546,0.000764,-1.636807,2.118102,9.434240,1019.984131,-0.395870,0.884227,0.916193,-55.915802,true,true,true,false
1733968720033,36.011477,129.322546,0.000696,-1.636807,2.118102,9.434240,1019.984131,-0.395870,0.884227,0.916193,-55.915802,true,true,true,false
1733968720051,36.011477,129.322546,0.000375,-1.636807,2.118102,9.434240,1019.984131,-0.395870,0.884227,0.916193,-55.915802,true,true,true,false
1733968720067,36.011477,129.322546,0.000133,-1.636807,2.118102,9.434240,1019.984131,-0.395870,0.884227,0.916193,-55.915802,true,true,true,false
1733968720083,36.011477,129.322546,0.000015,-1.636807,2.118102,9.434240,1019.984131,-0.395870,0.884227,0.916193,-55.915802,true,true,true,false
1733968720099,36.011477,129.322546,0.000025,-1.636807,2.118102,9.434240,1019.984131,-0.395870,0.884227,0.916193,-55.915802,true,true,true,false
1733968720118,36.011477,129.322546,0.000026,-1.636807,2.118102,9.434240,1019.984131,-0.395870,0.884227,0.916193,-55.915802,true,true,true,false
1733968720136,36.011477,129.322546,0.000017,-1.636807,2.118102,9.434240,1019.984131,-0.395870,0.884227,0.916193,-55.915802,true,true,true,false
1733968720154,36.011477,129.322546,0.000008,-1.636807,2.118102,9.434240,1019.984131,-0.395870,0.884227,0.916193,-55.915802,true,true,true,false
1733968720175,36.011477,129.322546,0.000002,-1.636807,2.118102,9.434240,1019.984131,-0.395870,0.884227,0.916193,-55.915802,true,true,true,false
1733968720195,36.011590,129.322492,0.145423,9.735854,0.199342,1.159123,1018.929688,0.006452,0.006559,-0.007512,-41.600176,true,true,true,false
1733968720213,36.011477,129.322546,0.000000,-1.636807,2.118102,9.434240,1019.984131,-0.395870,0.884227,0.916193,-55.915802,true,true,true,false
1733968720231,36.011477,129.322546,0.000001,-1.636807,2.118102,9.434240,1019.984131,-0.395870,0.884227,0.916193,-55.915802,true,true,true,false
1733968720247,36.011589,129.322501,0.146647,9.735854,0.199342,1.159123,1018.929932,0.006452,0.006559,-0.007512,-47.180443,true,true,true,false
1733968720266,36.011477,129.322546,0.024533,-0.152816,0.163869,9.804090,1020.682617,-0.007596,-0.013034,0.055532,-61.990771,true,true,true,false
1733968720287,36.012571,129.321835,13.806787,-1.636807,2.118102,9.434240,1019.984131,-0.395870,0.884227,0.916193,-55.915802,true,true,true,false
1733968720306,36.011588,129.322509,0.147808,9.735854,0.199342,1.159123,1018.933105,0.006452,0.006559,-0.007512,-47.206867,true,true,true,false
1733968720325,36.012766,129.321708,7.687201,-1.636807,2.118102,9.434240,1019.984131,-0.395870,0.884227,0.916193,-55.915802,true,true,true,false
1733968720342,36.012363,129.321970,4.440211,-1.636807,2.118102,9.434240,1019.984131,-0.395870,0.884227,0.916193,-55.915802,true,true,true,false
1733968720361,36.011525,129.322534,0.423728,9.735985,0.202878,1.157335,1018.933105,0.013504,0.000629,0.001459,-42.243755,true,true,true,false
1733968720377,36.011757,129.322364,10.182275,-1.636807,2.118102,9.434240,1019.984131,-0.395870,0.884227,0.916193,-55.915802,true,true,true,false
1733968720397,36.011484,129.322546,0.859572,9.735985,0.202878,1.157335,1018.933105,0.013504,0.000629,0.001459,-42.243755,true,true,true,false
1733968720416,36.011430,129.322577,9.227609,-1.636807,2.118102,9.434240,1019.984131,-0.395870,0.884227,0.916193,-55.915802,true,true,true,false
1733968720435,36.011321,129.322648,6.209578,-1.636807,2.118102,9.434240,1019.984131,-0.395870,0.884227,0.916193,-55.915802,true,true,true,false
1733968720453,36.011472,129.322548,0.403343,9.735985,0.202878,1.157335,1018.936279,0.013504,0.000629,0.001459,-47.233288,true,true,true,false
1733968720474,36.011323,129.322647,3.310751,-1.636807,2.118102,9.434240,1019.984131,-0.395870,0.884227,0.916193,-55.915802,true,true,true,false
1733968720493,36.011367,129.322618,1.289239,-1.636807,2.118102,9.434240,1019.984131,-0.395870,0.884227,0.916193,-55.915802,true,true,true,false
1733968720511,36.011473,129.322547,0.093400,9.735985,0.202878,1.157335,1018.957031,0.013504,0.000629,0.001459,-47.407677,true,true,true,false
1733968720529,36.012585,129.321825,13.145534,-1.636807,2.118102,9.434240,1019.984131,-0.395870,0.884227,0.916193,-55.915802,true,true,true,false
1733968720545,36.011476,129.322546,0.013003,9.733851,0.207051,1.174471,1018.957031,-0.025064,0.034763,-0.010889,-41.915059,true,true,true,false
1733968720564,36.012763,129.321710,7.103158,-1.636807,2.118102,9.434240,1019.984131,-0.395870,0.884227,0.916193,-55.915802,true,true,true,false
1733968720580,36.012619,129.321451,4.226685,-1.636807,2.118102,9.434240,1019.984131,-0.395870,0.884227,0.916193,-55.915802,true,true,true,false
1733968720601,36.011477,129.322546,0.024533,9.733851,0.207051,1.174471,1018.957764,-0.025064,0.034763,-0.010889,-47.412964,true,true,true,false
1733968720618,36.012541,129.321394,2.396282,-1.636807,2.118102,9.434240,1019.984131,-0.395870,0.884227,0.916193,-55.915802,true,true,true,false
1733968720636,36.011477,129.322546,0.013950,9.733851,0.207051,1.174471,1018.957764,-0.025064,0.034763,-0.010889,-47.412964,true,true,true,false
1733968720655,36.012650,129.321670,2.928822,-1.636807,2.118102,9.434240,1019.984131,-0.395870,0.884227,0.916193,-55.915802,true,true,true,false
1733968720684,36.011477,129.322546,0.004731,9.733851,0.207051,1.174471,1018.957764,-0.025064,0.034763,-0.010889,-47.412964,true,true,true,false
1733968720702,36.012691,129.321770,2.312539,-1.636807,2.118102,9.434240,1019.984131,-0.395870,0.884227,0.916193,-55.915802,true,true,true,false
1733968720719,36.012696,129.321783,0.927443,-1.636807,2.118102,9.434240,1019.984131,-0.395870,0.884227,0.916193,-55.915802,true,true,true,false
1733968720738,36.011477,129.322546,0.000464,9.735631,0.199413,1.161007,1018.967529,-0.019661,-0.031818,-0.009396,-42.439566,true,true,true,false
1733968720754,36.012692,129.321772,0.160081,-1.636807,2.118102,9.434240,1019.984131,-0.395870,0.884227,0.916193,-55.915802,true,true,true,false
1733968720774,36.011477,129.322546,0.000764,9.735631,0.199413,1.161007,1018.967529,-0.019661,-0.031818,-0.009396,-42.439566,true,true,true,false
1733968720793,36.012689,129.321763,0.070957,-1.636807,2.118102,9.434240,1019.984131,-0.395870,0.884227,0.916193,-55.915802,true,true,true,false
1733968720819,36.011477,129.322546,0.000696,9.735631,0.199413,1.161007,1018.956299,-0.019661,-0.031818,-0.009396,-47.397110,true,true,true,false
1733968720837,36.011477,129.322546,0.013950,-0.152816,0.163869,9.804090,1020.682617,-0.007596,-0.013034,0.055532,-61.990771,true,true,true,false
1733968720856,36.011477,129.322546,0.000375,9.735631,0.199413,1.161007,1018.956299,-0.019661,-0.031818,-0.009396,-47.397110,true,true,true,false
1733968720877,36.011477,129.322546,0.004731,-0.152816,0.163869,9.804090,1020.682617,-0.007596,-0.013034,0.055532,-61.990771,true,true,true,false
1733968720894,36.011477,129.322546,0.000133,9.741181,0.170997,1.118079,1018.956299,0.008307,0.008569,0.031138,-41.728002,true,true,true,false
1733968720910,36.011477,129.322546,0.000015,9.741181,0.170997,1.118079,1018.920166,0.008307,0.008569,0.031138,-47.101173,true,true,true,false
1733968720925,36.011477,129.322546,0.000464,-0.152816,0.163869,9.804090,1020.682617,-0.007596,-0.013034,0.055532,-61.990771,true,true,true,false
1733968720945,36.011477,129.322546,0.000025,9.741181,0.170997,1.118079,1018.920166,0.008307,0.008569,0.031138,-47.101173,true,true,true,false
1733968720962,36.011477,129.322546,0.000764,-0.152816,0.163869,9.804090,1020.682617,-0.007596,-0.013034,0.055532,-61.990771,true,true,true,false
1733968720979,36.011477,129.322546,0.000026,9.741181,0.170997,1.118079,1018.920166,0.008307,0.008569,0.031138,-47.101173,true,true,true,false
1733968720998,36.011477,129.322546,0.000017,9.741181,0.170997,1.118079,1018.920166,0.008307,0.008569,0.031138,-47.101173,true,true,true,false
1733968721013,36.011477,129.322546,0.000696,-0.152816,0.163869,9.804090,1020.682617,-0.007596,-0.013034,0.055532,-61.990771,true,true,true,false
1733968721032,36.011477,129.322546,0.000008,9.741181,0.170997,1.118079,1018.932617,0.008307,0.008569,0.031138,-47.201580,true,true,true,false
1733968721053,36.011477,129.322546,0.000375,-0.152816,0.163869,9.804090,1020.682617,-0.007596,-0.013034,0.055532,-61.990771,true,true,true,false
1733968721078,36.011477,129.322546,0.000002,9.746691,0.134294,1.074317,1018.932617,0.021952,-0.045709,-0.044810,-42.032316,true,true,true,false
1733968721098,36.011477,129.322546,0.000000,9.746691,0.134294,1.074317,1018.932617,0.021952,-0.045709,-0.044810,-42.032316,true,true,true,false
1733968721112,36.011477,129.322546,0.000133,-0.152816,0.163869,9.804090,1020.682617,-0.007596,-0.013034,0.055532,-61.990771,true,true,true,false
1733968721128,36.011477,129.322546,0.000001,9.746691,0.134294,1.074317,1018.924072,0.021952,-0.045709,-0.044810,-47.132881,true,true,true,false
1733968721143,36.012571,129.321835,13.806787,9.746691,0.134294,1.074317,1018.924072,0.021952,-0.045709,-0.044810,-47.132881,true,true,true,false
1733968721160,36.011477,129.322546,0.000015,-0.152816,0.163869,9.804090,1020.682617,-0.007596,-0.013034,0.055532,-61.990771,true,true,true,false
1733968721182,36.012766,129.321708,7.687201,9.746691,0.134294,1.074317,1018.924072,0.021952,-0.045709,-0.044810,-47.132881,true,true,true,false
1733968721199,36.011477,129.322546,0.000025,-0.152816,0.163869,9.804090,1020.682617,-0.007596,-0.013034,0.055532,-61.990771,true,true,true,false
1733968721218,36.012363,129.321970,4.440211,9.746691,0.134294,1.074317,1018.916748,0.021952,-0.045709,-0.044810,-47.074753,true,true,true,false
1733968721246,36.011757,129.322364,10.182275,9.746691,0.134294,1.074317,1018.916748,0.021952,-0.045709,-0.044810,-47.074753,true,true,true,false
1733968721265,36.011477,129.322546,0.000026,-0.152816,0.163869,9.804090,1020.682617,-0.007596,-0.013034,0.055532,-61.990771,true,true,true,false
1733968721284,36.011430,129.322577,9.227609,9.753308,0.106771,1.015814,1018.916748,0.003363,0.012940,-0.034191,-41.347435,true,true,true,false
1733968721304,36.011321,129.322648,6.209578,9.753308,0.106771,1.015814,1018.894775,0.003363,0.012940,-0.034191,-46.889793,true,true,true,false
1733968721320,36.011477,129.322546,0.000017,-0.152816,0.163869,9.804090,1020.682617,-0.007596,-0.013034,0.055532,-61.990771,true,true,true,false
1733968721337,36.011323,129.322647,3.310751,9.753308,0.106771,1.015814,1018.894775,0.003363,0.012940,-0.034191,-46.889793,true,true,true,false
1733968721353,36.011477,129.322546,0.000008,-0.152816,0.163869,9.804090,1020.682617,-0.007596,-0.013034,0.055532,-61.990771,true,true,true,false
1733968721372,36.011367,129.322618,1.289239,9.753308,0.106771,1.015814,1018.894775,0.003363,0.012940,-0.034191,-46.889793,true,true,true,false
1733968721388,36.012585,129.321825,13.145534,9.753308,0.106771,1.015814,1018.894775,0.003363,0.012940,-0.034191,-46.889793,true,true,true,false
1733968721410,36.011477,129.322546,0.000002,-0.152816,0.163869,9.804090,1020.682617,-0.007596,-0.013034,0.055532,-61.990771,true,true,true,false
1733968721430,36.012763,129.321710,7.103158,9.751008,0.111311,1.037090,1018.900391,0.010451,-0.044273,0.004388,-42.062078,true,true,true,false
1733968721448,36.011477,129.322546,0.000000,-0.152816,0.163869,9.804090,1020.682617,-0.007596,-0.013034,0.055532,-61.990771,true,true,true,false
1733968721468,36.012619,129.321451,4.226685,9.751008,0.111311,1.037090,1018.900391,0.010451,-0.044273,0.004388,-42.062078,true,true,true,false
1733968721489,36.011477,129.322546,0.000001,-0.152816,0.163869,9.804090,1020.682617,-0.007596,-0.013034,0.055532,-61.990771,true,true,true,false
1733968721507,36.012541,129.321394,2.396282,9.751008,0.111311,1.037090,1018.923584,0.010451,-0.044273,0.004388,-47.127598,true,true,true,false
1733968721525,36.012650,129.321670,2.928822,9.751008,0.111311,1.037090,1018.923584,0.010451,-0.044273,0.004388,-47.127598,true,true,true,false
1733968721542,36.012571,129.321835,13.806787,-0.152816,0.163869,9.804090,1020.682617,-0.007596,-0.013034,0.055532,-61.990771,true,true,true,false
1733968721561,36.012691,129.321770,2.312539,9.751008,0.111311,1.037090,1018.923584,0.010451,-0.044273,0.004388,-47.127598,true,true,true,false
1733968721580,36.012766,129.321708,7.687201,-0.152816,0.163869,9.804090,1020.682617,-0.007596,-0.013034,0.055532,-61.990771,true,true,true,false
1733968721606,36.012696,129.321783,0.927443,9.751008,0.111311,1.037090,1018.923584,0.010451,-0.044273,0.004388,-47.127598,true,true,true,false
1733968721621,36.012692,129.321772,0.160081,9.757512,0.164455,0.966535,1018.906250,0.008736,0.127638,-0.011249,-41.346368,true,true,true,false
1733968721639,36.012363,129.321970,4.440211,-0.152816,0.163869,9.804090,1020.682617,-0.007596,-0.013034,0.055532,-61.990771,true,true,true,false
1733968721655,36.012689,129.321763,0.070957,9.757512,0.164455,0.966535,1018.906250,0.008736,0.127638,-0.011249,-41.346368,true,true,true,false
1733968721674,36.011757,129.322364,10.182275,-0.152816,0.163869,9.804090,1020.682617,-0.007596,-0.013034,0.055532,-61.990771,true,true,true,false
1733968721693,36.011430,129.322577,9.227609,-0.152816,0.163869,9.804090,1020.682617,-0.007596,-0.013034,0.055532,-61.990771,true,true,true,false
1733968721710,36.011321,129.322648,6.209578,-0.152816,0.163869,9.804090,1020.682617,-0.007596,-0.013034,0.055532,-61.990771,true,true,true,false
1733968721730,36.011323,129.322647,3.310751,-0.152816,0.163869,9.804090,1020.682617,-0.007596,-0.013034,0.055532,-61.990771,true,true,true,false
1733968721748,36.011367,129.322618,1.289239,-0.152816,0.163869,9.804090,1020.682617,-0.007596,-0.013034,0.055532,-61.990771,true,true,true,false
1733968721767,36.012585,129.321825,13.145534,-0.152816,0.163869,9.804090,1020.682617,-0.007596,-0.013034,0.055532,-61.990771,true,true,true,false
1733968721788,36.012763,129.321710,7.103158,-0.152816,0.163869,9.804090,1020.682617,-0.007596,-0.013034,0.055532,-61.990771,true,true,true,false
1733968721804,36.012619,129.321451,4.226685,-0.152816,0.163869,9.804090,1020.682617,-0.007596,-0.013034,0.055532,-61.990771,true,true,true,false
1733968721823,36.012541,129.321394,2.396282,-0.152816,0.163869,9.804090,1020.682617,-0.007596,-0.013034,0.055532,-61.990771,true,true,true,false
1733968721842,36.012650,129.321670,2.928822,-0.152816,0.163869,9.804090,1020.682617,-0.007596,-0.013034,0.055532,-61.990771,true,true,true,false
1733968721862,36.012691,129.321770,2.312539,-0.152816,0.163869,9.804090,1020.682617,-0.007596,-0.013034,0.055532,-61.990771,true,true,true,false
1733968721879,36.012696,129.321783,0.927443,-0.152816,0.163869,9.804090,1020.682617,-0.007596,-0.013034,0.055532,-61.990771,true,true,true,false
1733968721897,36.012692,129.321772,0.160081,-0.152816,0.163869,9.804090,1020.682617,-0.007596,-0.013034,0.055532,-61.990771,true,true,true,false
1733968721916,36.012689,129.321763,0.070957,-0.152816,0.163869,9.804090,1020.682617,-0.007596,-0.013034,0.055532,-61.990771,true,true,true,false
1733968721938,36.012689,129.321763,0.070957,9.749488,0.156026,1.045569,1018.921143,-0.071825,0.059452,-0.030428,-47.106461,true,true,true,false
1733968723981,36.012687,129.321759,0.074976,-1.636807,2.118102,9.434240,1019.984131,-0.395870,0.884227,0.916193,-55.915802,true,true,true,false
1733968723999,36.012687,129.321759,0.074976,9.740897,0.188164,1.117887,1018.949951,0.006197,0.012949,0.009782,-42.029417,true,true,true,false
1733968724016,36.012687,129.321759,0.074976,-0.152816,0.163869,9.804090,1020.682617,-0.007596,-0.013034,0.055532,-61.990771,true,true,true,false
1733968724036,36.012687,129.321759,0.074976,9.740897,0.188164,1.117887,1018.933838,0.006197,0.012949,0.009782,-47.212151,true,true,true,false
1733968728972,36.012378,129.321957,5.206381,-1.636807,2.118102,9.434240,1019.984131,-0.395870,0.884227,0.916193,-55.915802,true,true,true,false
1733968728995,36.012378,129.321957,5.206381,9.730013,0.131560,1.216425,1018.946045,0.009899,-0.011850,-0.007353,-41.742904,true,true,true,false
1733968729010,36.012378,129.321957,5.206381,-0.152816,0.163869,9.804090,1020.682617,-0.007596,-0.013034,0.055532,-61.990771,true,true,true,false
1733968729026,36.012378,129.321957,5.206381,9.730013,0.131560,1.216425,1018.949219,0.009899,-0.011850,-0.007353,-47.338978,true,true,true,false
1733968733994,36.011853,129.322298,9.245170,-1.636807,2.118102,9.434240,1019.984131,-0.395870,0.884227,0.916193,-55.915802,true,true,true,false
1733968734019,36.011853,129.322298,9.245170,9.730071,0.129422,1.216090,1018.943848,-0.006919,0.004653,-0.009412,-47.296703,true,true,true,false
1733968734036,36.011853,129.322298,9.245170,-0.152816,0.163869,9.804090,1020.682617,-0.007596,-0.013034,0.055532,-61.990771,true,true,true,false
1733968734052,36.011853,129.322298,9.245170,9.730243,0.125769,1.215125,1018.943848,0.021640,0.010700,0.005918,-41.673632,true,true,true,false
1733968739051,36.012617,129.321804,2.867790,-1.636807,2.118102,9.434240,1019.984131,-0.395870,0.884227,0.916193,-55.915802,true,true,true,false
1733968739086,36.012617,129.321804,2.867790,9.728153,0.129275,1.231438,1018.892334,0.011759,0.002406,-0.005607,-41.306445,true,true,true,false
1733968739105,36.012617,129.321804,2.867790,-0.152816,0.163869,9.804090,1020.682617,-0.007596,-0.013034,0.055532,-61.990771,true,true,true,false
1733968739123,36.012617,129.321804,2.867790,9.728153,0.129275,1.231438,1018.892090,0.011759,0.002406,-0.005607,-46.868656,true,true,true,false
1733968743973,36.012695,129.321754,2.248250,-1.636807,2.118102,9.434240,1019.984131,-0.395870,0.884227,0.916193,-55.915802,true,true,true,false
1733968743992,36.012695,129.321754,2.248250,9.728440,0.131848,1.228819,1018.934814,0.001895,-0.007349,0.016165,-41.927318,true,true,true,false
1733968744010,36.012695,129.321754,2.248250,-0.152816,0.163869,9.804090,1020.682617,-0.007596,-0.013034,0.055532,-61.990771,true,true,true,false
1733968744025,36.012695,129.321754,2.248250,9.728440,0.131848,1.228819,1018.927979,0.001895,-0.007349,0.016165,-47.164589,true,true,true,false
1733968748985,36.012482,129.321893,2.961649,-1.636807,2.118102,9.434240,1019.984131,-0.395870,0.884227,0.916193,-55.915802,true,true,true,false
1733968749002,36.012482,129.321893,2.961649,9.727042,0.130343,1.239967,1018.912598,0.000898,0.003732,0.009806,-41.277060,true,true,true,false
1733968749017,36.012482,129.321893,2.961649,-0.152816,0.163869,9.804090,1020.682617,-0.007596,-0.013034,0.055532,-61.990771,true,true,true,false
1733968749030,36.012482,129.321893,2.961649,9.727042,0.130343,1.239967,1018.922607,0.000898,0.003732,0.009806,-47.122314,true,true,true,false
1733968754002,36.011979,129.322220,7.835032,-1.636807,2.118102,9.434240,1019.984131,-0.395870,0.884227,0.916193,-55.915802,true,true,true,false
1733968754022,36.011979,129.322220,7.835032,9.727489,0.130268,1.236518,1018.940674,0.005240,0.010990,-0.008293,-47.270279,true,true,true,false
1733968754034,36.011979,129.322220,7.835032,-0.152816,0.163869,9.804090,1020.682617,-0.007596,-0.013034,0.055532,-61.990771,true,true,true,false
1733968754053,36.011979,129.322220,7.835032,9.727489,0.130268,1.236518,1018.940674,0.005240,0.010990,-0.008293,-47.270279,true,true,true,false
1733968759024,36.011567,129.322488,8.863046,-1.636807,2.118102,9.434240,1019.984131,-0.395870,0.884227,0.916193,-55.915802,true,true,true,false
1733968759042,36.011567,129.322488,8.863046,9.723182,0.138522,1.269166,1018.898438,0.002365,0.000341,-0.009816,-46.921501,true,true,true,false
1733968759060,36.011567,129.322488,8.863046,-0.152816,0.163869,9.804090,1020.682617,-0.007596,-0.013034,0.055532,-61.990771,true,true,true,false
1733968759074,36.011567,129.322488,8.863046,9.722749,0.141458,1.272075,1018.898438,0.005192,-0.007383,0.001640,-41.280083,true,true,true,false
1733968764030,36.011355,129.322626,7.501112,-1.636807,2.118102,9.434240,1019.984131,-0.395870,0.884227,0.916193,-55.915802,true,true,true,false
1733968764052,36.011355,129.322626,7.501112,9.722282,0.136014,1.276259,1018.910156,0.000870,0.002849,-0.002543,-47.016621,true,true,true,false
1733968764070,36.011355,129.322626,7.501112,9.722282,0.136014,1.276259,1018.910156,0.000870,0.002849,-0.002543,-47.016621,true,true,true,false
1733968764085,36.011355,129.322626,7.501112,-0.152816,0.163869,9.804090,1020.682617,-0.007596,-0.013034,0.055532,-61.990771,true,true,true,false
1733968769049,36.011281,129.322674,5.390657,-1.636807,2.118102,9.434240,1019.984131,-0.395870,0.884227,0.916193,-55.915802,true,true,true,false
1733968769074,36.011281,129.322674,5.390657,9.722903,0.137454,1.271322,1018.990967,-0.004539,0.010987,-0.011972,-47.687759,true,true,true,false
1733968769088,36.011281,129.322674,5.390657,-0.152816,0.163869,9.804090,1020.682617,-0.007596,-0.013034,0.055532,-61.990771,true,true,true,false
1733968769102,36.011281,129.322674,5.390657,9.722903,0.137454,1.271322,1018.990967,-0.004539,0.010987,-0.011972,-47.687759,true,true,true,false
1733968774062,36.011284,129.322671,3.353259,9.722279,0.137618,1.276117,1018.954590,0.012845,-0.020302,-0.007190,-47.386539,true,true,true,false
1733968774085,36.011284,129.322671,3.353259,-1.636807,2.118102,9.434240,1019.984131,-0.395870,0.884227,0.916193,-55.915802,true,true,true,false
1733968774100,36.011284,129.322671,3.353259,-0.152816,0.163869,9.804090,1020.682617,-0.007596,-0.013034,0.055532,-61.990771,true,true,true,false
1733968774114,36.011284,129.322671,3.353259,9.722279,0.137618,1.276117,1018.970703,0.012845,-0.020302,-0.007190,-47.518654,true,true,true,false
1733968779093,36.012618,129.321804,10.297931,-1.636807,2.118102,9.434240,1019.984131,-0.395870,0.884227,0.916193,-55.915802,true,true,true,false
1733968779108,36.012618,129.321804,10.297931,9.722177,0.136904,1.276968,1018.914795,0.022524,-0.007617,-0.012829,-41.805277,true,true,true,false
1733968779124,36.012618,129.321804,10.297931,-0.152816,0.163869,9.804090,1020.682617,-0.007596,-0.013034,0.055532,-61.990771,true,true,true,false
1733968779142,36.012618,129.321804,10.297931,9.722177,0.136904,1.276968,1018.913330,0.022524,-0.007617,-0.012829,-47.043045,true,true,true,false
1733968784108,36.012746,129.321721,5.229191,-1.636807,2.118102,9.434240,1019.984131,-0.395870,0.884227,0.916193,-55.915802,true,true,true,false
1733968784133,36.012746,129.321721,5.229191,9.720999,0.136220,1.285963,1018.949951,0.014125,0.002644,-0.002671,-47.344265,true,true,true,false
1733968784148,36.012746,129.321721,5.229191,9.720999,0.136220,1.285963,1018.949951,0.014125,0.002644,-0.002671,-47.344265,true,true,true,false
1733968784161,36.012746,129.321721,5.229191,-0.152816,0.163869,9.804090,1020.682617,-0.007596,-0.013034,0.055532,-61.990771,true,true,true,false
1733968789135,36.012734,129.321729,1.422905,-1.636807,2.118102,9.434240,1019.984131,-0.395870,0.884227,0.916193,-55.915802,true,true,true,false
1733968789155,36.012734,129.321729,1.422905,9.721821,0.141649,1.279131,1018.903564,-0.005851,0.002003,-0.005416,-41.720236,true,true,true,false
1733968789170,36.012734,129.321729,1.422905,-0.152816,0.163869,9.804090,1020.682617,-0.007596,-0.013034,0.055532,-61.990771,true,true,true,false
1733968789185,36.012734,129.321729,1.422905,9.721821,0.141649,1.279131,1018.903564,-0.005851,0.002003,-0.005416,-41.720236,true,true,true,false
1733968794146,36.012706,129.321747,0.003271,-1.636807,2.118102,9.434240,1019.984131,-0.395870,0.884227,0.916193,-55.915802,true,true,true,false
1733968794163,36.012706,129.321747,0.003271,9.720926,0.140002,1.286081,1018.916992,0.002226,0.003650,0.018759,-41.222188,true,true,true,false
1733968794184,36.012706,129.321747,0.003271,-0.152816,0.163869,9.804090,1020.682617,-0.007596,-0.013034,0.055532,-61.990771,true,true,true,false
1733968794201,36.012706,129.321747,0.003271,9.720926,0.140002,1.286081,1018.916992,0.002226,0.003650,0.018759,-41.222188,true,true,true,false
1733968799161,36.012691,129.321757,0.262348,-1.636807,2.118102,9.434240,1019.984131,-0.395870,0.884227,0.916193,-55.915802,true,true,true,false
1733968799183,36.012691,129.321757,0.262348,9.721263,0.144219,1.283058,1018.910156,0.016254,-0.019720,0.012205,-47.016621,true,true,true,false
1733968799198,36.012691,129.321757,0.262348,-0.152816,0.163869,9.804090,1020.682617,-0.007596,-0.013034,0.055532,-61.990771,true,true,true,false
1733968799212,36.012691,129.321757,0.262348,9.722655,0.143581,1.272545,1018.912354,0.029227,-0.028659,-0.001224,-47.037762,true,true,true,false
